{
    "accuracy": 0.8925081433224755,
    "f1_score": 0.8807004229583081,
    "precision": 0.8838502300686253,
    "recall": 0.8925081433224755,
    "training_time_s": 139.0,
    "strategy": "VGG16_FE"
}