{
    "accuracy": 0.745928338762215,
    "f1_score": 0.7590658830199755,
    "precision": 0.8225701823899488,
    "recall": 0.745928338762215,
    "training_time_s": 77.0,
    "params": 1373731,
    "learning_rate": 0.0001,
    "architecture": "Arch_C_Large"
}