{
    "accuracy": 0.9055374592833876,
    "f1_score": 0.8903087565316712,
    "precision": 0.9073639323809194,
    "recall": 0.9055374592833876,
    "training_time_s": 549.0,
    "model": "EfficientNetB0_Scratch"
}