{
    "accuracy": 0.6693811074918566,
    "f1_score": 0.6956687393197606,
    "precision": 0.8369336996744751,
    "recall": 0.6693811074918566,
    "training_time_s": 65.3,
    "params": 322595,
    "learning_rate": 0.0001,
    "architecture": "Arch_B_Medium"
}