{
    "accuracy": 0.7915309446254072,
    "f1_score": 0.6994255256144507,
    "precision": 0.6265212362995894,
    "recall": 0.7915309446254072,
    "training_time_s": 77.3,
    "model": "CustomViT"
}