{
    "Arch_A_Small_lr0.001": {
        "accuracy": 0.8371335504885994,
        "f1_score": 0.8129345096066379,
        "precision": 0.8000792323267893,
        "recall": 0.8371335504885994,
        "training_time_s": 50.8,
        "params": 28099,
        "learning_rate": 0.001,
        "architecture": "Arch_A_Small"
    },
    "Arch_A_Small_lr0.0001": {
        "accuracy": 0.7915309446254072,
        "f1_score": 0.6994255256144507,
        "precision": 0.6265212362995894,
        "recall": 0.7915309446254072,
        "training_time_s": 12.7,
        "params": 28099,
        "learning_rate": 0.0001,
        "architecture": "Arch_A_Small"
    },
    "Arch_B_Medium_lr0.001": {
        "accuracy": 0.8859934853420195,
        "f1_score": 0.8713983623290652,
        "precision": 0.8574097797118616,
        "recall": 0.8859934853420195,
        "training_time_s": 90.6,
        "params": 322595,
        "learning_rate": 0.001,
        "architecture": "Arch_B_Medium"
    },
    "Arch_B_Medium_lr0.0001": {
        "accuracy": 0.6693811074918566,
        "f1_score": 0.6956687393197606,
        "precision": 0.8369336996744751,
        "recall": 0.6693811074918566,
        "training_time_s": 65.3,
        "params": 322595,
        "learning_rate": 0.0001,
        "architecture": "Arch_B_Medium"
    },
    "Arch_C_Large_lr0.001": {
        "accuracy": 0.8908794788273615,
        "f1_score": 0.8751805784379074,
        "precision": 0.860954147874928,
        "recall": 0.8908794788273615,
        "training_time_s": 85.9,
        "params": 1373731,
        "learning_rate": 0.001,
        "architecture": "Arch_C_Large"
    },
    "Arch_C_Large_lr0.0001": {
        "accuracy": 0.745928338762215,
        "f1_score": 0.7590658830199755,
        "precision": 0.8225701823899488,
        "recall": 0.745928338762215,
        "training_time_s": 77.0,
        "params": 1373731,
        "learning_rate": 0.0001,
        "architecture": "Arch_C_Large"
    }
}